"STATION","AQHI DISPLAY NAME","DATE","MIN","MEAN","MAX","VALID HOURS"
"E227431","Whistler","10/1/2016","0.91","1.48","1.85","24"
"E227431","Whistler","10/2/2016","0.51","1.13","1.76","24"
"E227431","Whistler","10/3/2016","0.49","1.16","1.81","24"
"E227431","Whistler","10/4/2016","0.51","1.04","1.62","24"
"E227431","Whistler","10/5/2016","0.3","1","1.93","24"
"E227431","Whistler","10/6/2016","0.28","1.06","1.64","24"
"E227431","Whistler","10/7/2016","1.07","1.48","1.82","24"
"E227431","Whistler","10/8/2016","0.75","1.39","1.72","24"
"E227431","Whistler","10/9/2016","0.72","1.07","1.72","24"
"E227431","Whistler","10/10/2016","0.56","1.27","1.91","24"
"E227431","Whistler","10/11/2016","0.94","1.53","2.09","24"
"E227431","Whistler","10/12/2016","0.79","1.59","2.41","24"
"E227431","Whistler","10/13/2016","1.02","1.46","1.94","24"
"E227431","Whistler","10/14/2016","1.06","1.8","2.7","24"
"E227431","Whistler","10/15/2016","1.1","1.4","2.29","24"
"E227431","Whistler","10/16/2016","1.34","1.68","2.11","24"
"E227431","Whistler","10/17/2016","0.59","1.22","1.7","24"
"E227431","Whistler","10/18/2016","0.74","1.44","1.98","24"
"E227431","Whistler","10/19/2016","0.7","1.33","1.75","24"
"E227431","Whistler","10/20/2016","1.15","1.57","2.15","24"
"E227431","Whistler","10/21/2016","0.7","1.38","2.06","24"
"E227431","Whistler","10/22/2016","0.91","1.33","1.71","24"
"E227431","Whistler","10/23/2016","0.44","0.9","1.42","24"
"E227431","Whistler","10/24/2016","0.6","0.98","1.5","24"
"E227431","Whistler","10/25/2016","0.55","1.3","1.87","24"
"E227431","Whistler","10/26/2016","0.6","1.11","1.36","24"
"E227431","Whistler","10/27/2016","0.76","1.44","2.19","24"
"E227431","Whistler","10/28/2016","0.68","1.02","1.43","24"
"E227431","Whistler","10/29/2016","0.5","1.11","1.91","24"
"E227431","Whistler","10/30/2016","0.7","1.18","1.59","24"
"E227431","Whistler","10/31/2016","0.58","1.17","1.72","24"
"E227431","Whistler","11/1/2016","0.59","1.27","1.81","24"
"E227431","Whistler","11/2/2016","1.36","1.66","1.83","24"
"E227431","Whistler","11/3/2016","1.5","1.93","2.22","24"
"E227431","Whistler","11/4/2016","0.62","1.22","2.13","24"
"E227431","Whistler","11/5/2016","1.24","1.72","2.21","24"
"E227431","Whistler","11/6/2016","1.07","1.47","1.93","24"
"E227431","Whistler","11/7/2016","0.69","1.32","1.91","24"
"E227431","Whistler","11/8/2016","0.96","1.28","1.58","24"
"E227431","Whistler","11/9/2016","0.73","1.17","1.84","24"
"E227431","Whistler","11/10/2016","0.46","0.81","1.21","24"
"E227431","Whistler","11/11/2016","0.52","0.96","1.43","24"
"E227431","Whistler","11/12/2016","0.85","1.52","2.12","24"
"E227431","Whistler","11/13/2016","0.52","1.41","2.14","24"
"E227431","Whistler","11/14/2016","1.08","1.65","2.36","24"
"E227431","Whistler","11/15/2016","0.95","1.42","2.05","24"
"E227431","Whistler","11/16/2016","0.52","1.14","1.68","24"
"E227431","Whistler","11/17/2016","0.95","1.31","1.75","24"
"E227431","Whistler","11/18/2016","0.45","1.09","1.47","24"
"E227431","Whistler","11/19/2016","1.01","1.17","1.37","24"
"E227431","Whistler","11/20/2016","0.81","1.16","2","24"
"E227431","Whistler","11/21/2016","0.75","1.37","1.73","24"
"E227431","Whistler","11/22/2016","0.62","1.32","2.88","24"
"E227431","Whistler","11/23/2016","1.12","2.13","3.11","24"
"E227431","Whistler","11/24/2016","1.46","2.13","3","24"
"E227431","Whistler","11/25/2016","1.51","1.88","2.52","24"
"E227431","Whistler","11/26/2016","1.16","1.75","2.81","24"
"E227431","Whistler","11/27/2016","1.29","1.85","2.85","24"
"E227431","Whistler","11/28/2016","1.24","1.53","1.91","24"
"E227431","Whistler","11/29/2016","1.11","1.25","1.46","24"
"E227431","Whistler","11/30/2016","0.77","1.23","2.14","24"
"E227431","Whistler","12/1/2016","0.67","1.44","2.16","24"
"E227431","Whistler","12/2/2016","1.01","1.69","2.53","24"
"E227431","Whistler","12/3/2016","1.14","1.82","2.12","24"
"E227431","Whistler","12/4/2016","1.51","2.07","2.87","24"
"E227431","Whistler","12/5/2016","1.53","1.92","2.65","24"
"E227431","Whistler","12/6/2016","1.56","2.06","2.29","24"
"E227431","Whistler","12/7/2016","1.83","1.97","2.22","24"
"E227431","Whistler","12/8/2016","1.73","1.92","2.04","24"
"E227431","Whistler","12/9/2016","1.65","1.82","1.99","24"
"E227431","Whistler","12/10/2016","1.41","1.52","1.63","24"
"E227431","Whistler","12/11/2016","1.31","1.48","1.62","22"
"E227431","Whistler","12/13/2016","1.9","2.09","2.49","24"
"E227431","Whistler","12/14/2016","1.8","1.95","2.13","24"
"E227431","Whistler","12/15/2016","1.83","2.05","2.42","24"
"E227431","Whistler","12/16/2016","2.09","2.41","3.06","24"
"E227431","Whistler","12/17/2016","1.97","3.34","7","24"
"E227431","Whistler","12/18/2016","2.13","3.88","7","24"
"E227431","Whistler","12/19/2016","1.9","2.15","2.44","24"
"E227431","Whistler","12/20/2016","1.44","2.2","3.15","24"
"E227431","Whistler","12/21/2016","1.29","2","2.84","24"
"E227431","Whistler","12/22/2016","1.32","1.99","2.54","24"
"E227431","Whistler","12/23/2016","1.32","1.95","2.72","24"
"E227431","Whistler","12/24/2016","1.45","2.12","3.61","24"
"E227431","Whistler","12/25/2016","1.99","2.95","3.8","24"
"E227431","Whistler","12/26/2016","1.74","2.29","3.7","24"
"E227431","Whistler","12/27/2016","2.26","2.68","3.27","24"
"E227431","Whistler","12/28/2016","1.9","2.34","2.79","24"
"E227431","Whistler","12/29/2016","1.7","2.18","2.67","24"
"E227431","Whistler","12/30/2016","1.54","2.12","3.17","24"
"E227431","Whistler","12/31/2016","1.81","2.08","2.89","24"
"X100002","Metro Vancouver NE ","10/1/2016","1.3","1.49","1.7","22"
"X100002","Metro Vancouver NE ","10/2/2016","1","1.41","2.1","24"
"X100002","Metro Vancouver NE ","10/3/2016","1","1.23","1.7","24"
"X100002","Metro Vancouver NE ","10/4/2016","1.1","1.3","1.5","24"
"X100002","Metro Vancouver NE ","10/5/2016","1.2","1.58","2.2","24"
"X100002","Metro Vancouver NE ","10/6/2016","1.1","1.44","1.6","24"
"X100002","Metro Vancouver NE ","10/7/2016","1.1","1.65","2.1","24"
"X100002","Metro Vancouver NE ","10/8/2016","1","1.37","1.8","24"
"X100002","Metro Vancouver NE ","10/9/2016","1","1.44","2.1","24"
"X100002","Metro Vancouver NE ","10/10/2016","1","1.13","1.5","24"
"X100002","Metro Vancouver NE ","10/11/2016","1.1","1.65","2.3","24"
"X100002","Metro Vancouver NE ","10/12/2016","1.1","1.45","2","24"
"X100002","Metro Vancouver NE ","10/13/2016","1.3","1.66","2.1","24"
"X100002","Metro Vancouver NE ","10/14/2016","1.6","2.06","2.3","24"
"X100002","Metro Vancouver NE ","10/15/2016","1.3","1.55","1.9","24"
"X100002","Metro Vancouver NE ","10/16/2016","1.4","1.66","1.9","24"
"X100002","Metro Vancouver NE ","10/17/2016","1.4","1.69","2","24"
"X100002","Metro Vancouver NE ","10/18/2016","1","1.45","1.8","24"
"X100002","Metro Vancouver NE ","10/19/2016","1.1","1.43","1.7","24"
"X100002","Metro Vancouver NE ","10/20/2016","1.3","1.77","2.4","24"
"X100002","Metro Vancouver NE ","10/21/2016","1","1.34","1.7","24"
"X100002","Metro Vancouver NE ","10/22/2016","1.1","1.33","1.7","24"
"X100002","Metro Vancouver NE ","10/23/2016","1.2","1.43","1.6","24"
"X100002","Metro Vancouver NE ","10/24/2016","1.5","1.98","2.5","24"
"X100002","Metro Vancouver NE ","10/25/2016","1.3","1.67","1.9","24"
"X100002","Metro Vancouver NE ","10/26/2016","1.3","1.54","1.7","24"
"X100002","Metro Vancouver NE ","10/27/2016","1.6","1.87","2.2","24"
"X100002","Metro Vancouver NE ","10/28/2016","1.1","1.41","1.7","24"
"X100002","Metro Vancouver NE ","10/29/2016","1","1.2","1.5","24"
"X100002","Metro Vancouver NE ","10/30/2016","1.1","1.52","2.2","24"
"X100002","Metro Vancouver NE ","10/31/2016","1.1","1.53","1.9","24"
"X100002","Metro Vancouver NE ","11/1/2016","1","1.49","1.9","22"
"X100002","Metro Vancouver NE ","11/2/2016","1.7","1.91","2","24"
"X100002","Metro Vancouver NE ","11/3/2016","1.3","1.75","2.2","24"
"X100002","Metro Vancouver NE ","11/4/2016","1.1","1.56","2","24"
"X100002","Metro Vancouver NE ","11/5/2016","1.5","1.89","2.2","24"
"X100002","Metro Vancouver NE ","11/6/2016","1.2","1.53","2","23"
"X100002","Metro Vancouver NE ","11/7/2016","1.3","1.61","1.8","24"
"X100002","Metro Vancouver NE ","11/8/2016","1.2","1.38","1.7","24"
"X100002","Metro Vancouver NE ","11/9/2016","1.1","1.45","1.8","24"
"X100002","Metro Vancouver NE ","11/10/2016","1","1.26","1.6","24"
"X100002","Metro Vancouver NE ","11/11/2016","1","1.17","1.8","24"
"X100002","Metro Vancouver NE ","11/12/2016","1.6","1.9","2.5","24"
"X100002","Metro Vancouver NE ","11/13/2016","1.1","1.53","2.1","24"
"X100002","Metro Vancouver NE ","11/14/2016","1.6","2.01","2.7","24"
"X100002","Metro Vancouver NE ","11/15/2016","1.3","1.78","2.1","24"
"X100002","Metro Vancouver NE ","11/16/2016","1.6","1.87","2.1","24"
"X100002","Metro Vancouver NE ","11/17/2016","1.4","1.48","1.6","24"
"X100002","Metro Vancouver NE ","11/18/2016","1.4","1.81","2.1","24"
"X100002","Metro Vancouver NE ","11/19/2016","1.4","1.52","1.7","24"
"X100002","Metro Vancouver NE ","11/20/2016","1.5","1.63","1.9","24"
"X100002","Metro Vancouver NE ","11/21/2016","1.1","1.78","2.3","24"
"X100002","Metro Vancouver NE ","11/22/2016","1.1","1.53","1.8","24"
"X100002","Metro Vancouver NE ","11/23/2016","1.6","1.86","2.2","24"
"X100002","Metro Vancouver NE ","11/24/2016","1.8","1.95","2.1","24"
"X100002","Metro Vancouver NE ","11/25/2016","1.5","1.84","2.2","24"
"X100002","Metro Vancouver NE ","11/26/2016","1.5","1.88","2.1","24"
"X100002","Metro Vancouver NE ","11/27/2016","1.6","1.77","2.2","24"
"X100002","Metro Vancouver NE ","11/28/2016","1.1","1.36","1.7","24"
"X100002","Metro Vancouver NE ","11/29/2016","1","1.2","1.4","24"
"X100002","Metro Vancouver NE ","11/30/2016","1.2","1.63","2.1","23"
"X100002","Metro Vancouver NE ","12/1/2016","1.4","1.78","2.2","22"
"X100002","Metro Vancouver NE ","12/2/2016","1.2","1.65","2.1","24"
"X100002","Metro Vancouver NE ","12/3/2016","1.6","2","2.3","24"
"X100002","Metro Vancouver NE ","12/4/2016","1.5","1.95","2.2","24"
"X100002","Metro Vancouver NE ","12/5/2016","1.1","1.65","2.1","24"
"X100002","Metro Vancouver NE ","12/6/2016","1.9","2.1","2.5","24"
"X100002","Metro Vancouver NE ","12/7/2016","1.7","2.32","3","24"
"X100002","Metro Vancouver NE ","12/8/2016","1.9","2.15","2.5","24"
"X100002","Metro Vancouver NE ","12/9/2016","1.8","2.1","2.5","24"
"X100002","Metro Vancouver NE ","12/10/2016","1.3","1.72","2","24"
"X100002","Metro Vancouver NE ","12/11/2016","1.4","1.58","1.8","24"
"X100002","Metro Vancouver NE ","12/12/2016","1.7","2.68","3.8","24"
"X100002","Metro Vancouver NE ","12/13/2016","2.7","3.12","3.5","24"
"X100002","Metro Vancouver NE ","12/14/2016","2.9","3.37","3.9","24"
"X100002","Metro Vancouver NE ","12/15/2016","2.7","3.08","3.5","24"
"X100002","Metro Vancouver NE ","12/16/2016","2.7","3.05","3.4","24"
"X100002","Metro Vancouver NE ","12/17/2016","2.7","3.1","3.5","24"
"X100002","Metro Vancouver NE ","12/18/2016","2","2.41","3.4","24"
"X100002","Metro Vancouver NE ","12/19/2016","1.6","1.9","2.3","24"
"X100002","Metro Vancouver NE ","12/20/2016","1.9","2.5","3.2","24"
"X100002","Metro Vancouver NE ","12/21/2016","1.6","1.84","2.2","24"
"X100002","Metro Vancouver NE ","12/22/2016","1.8","2.07","2.3","24"
"X100002","Metro Vancouver NE ","12/23/2016","1.8","2.63","3.4","24"
"X100002","Metro Vancouver NE ","12/24/2016","1.6","1.89","2.5","24"
"X100002","Metro Vancouver NE ","12/25/2016","2","2.12","2.3","24"
"X100002","Metro Vancouver NE ","12/26/2016","1.8","1.97","2.2","24"
"X100002","Metro Vancouver NE ","12/27/2016","1.7","2.22","2.7","24"
"X100002","Metro Vancouver NE ","12/28/2016","1.6","2.12","2.4","24"
"X100002","Metro Vancouver NE ","12/29/2016","1.7","2.15","2.7","24"
"X100002","Metro Vancouver NE ","12/30/2016","1.7","2.18","2.8","24"
"X100002","Metro Vancouver NE ","12/31/2016","1.6","1.92","2.5","24"
"X100003","Metro Vancouver NW     ","10/1/2016","1.6","1.82","2","22"
"X100003","Metro Vancouver NW     ","10/2/2016","1.3","1.56","2","24"
"X100003","Metro Vancouver NW     ","10/3/2016","1.2","1.59","1.8","24"
"X100003","Metro Vancouver NW     ","10/4/2016","1.5","1.74","1.9","24"
"X100003","Metro Vancouver NW     ","10/5/2016","1.5","1.73","1.9","24"
"X100003","Metro Vancouver NW     ","10/6/2016","1.5","1.71","1.9","24"
"X100003","Metro Vancouver NW     ","10/7/2016","1.5","1.74","2.1","24"
"X100003","Metro Vancouver NW     ","10/8/2016","1.1","1.5","1.9","24"
"X100003","Metro Vancouver NW     ","10/9/2016","1","1.5","2","24"
"X100003","Metro Vancouver NW     ","10/10/2016","1","1.23","1.6","24"
"X100003","Metro Vancouver NW     ","10/11/2016","1.3","1.68","2.1","24"
"X100003","Metro Vancouver NW     ","10/12/2016","1.5","1.93","2.6","24"
"X100003","Metro Vancouver NW     ","10/13/2016","1.6","1.85","2.3","24"
"X100003","Metro Vancouver NW     ","10/14/2016","1.7","2.18","2.5","24"
"X100003","Metro Vancouver NW     ","10/15/2016","1.6","1.78","2.1","24"
"X100003","Metro Vancouver NW     ","10/16/2016","1.8","1.95","2.1","24"
"X100003","Metro Vancouver NW     ","10/17/2016","1.7","1.99","2.3","24"
"X100003","Metro Vancouver NW     ","10/18/2016","1.7","1.92","2.2","24"
"X100003","Metro Vancouver NW     ","10/19/2016","1.6","1.8","2.1","24"
"X100003","Metro Vancouver NW     ","10/20/2016","1.6","1.95","2.5","24"
"X100003","Metro Vancouver NW     ","10/21/2016","1.3","1.81","2.2","24"
"X100003","Metro Vancouver NW     ","10/22/2016","1.5","1.63","2","24"
"X100003","Metro Vancouver NW     ","10/23/2016","1.6","1.65","1.7","24"
"X100003","Metro Vancouver NW     ","10/24/2016","1.7","2.26","2.9","24"
"X100003","Metro Vancouver NW     ","10/25/2016","1.8","2.2","2.4","24"
"X100003","Metro Vancouver NW     ","10/26/2016","1.5","1.83","2.3","24"
"X100003","Metro Vancouver NW     ","10/27/2016","1.8","2.18","2.4","24"
"X100003","Metro Vancouver NW     ","10/28/2016","1.4","1.66","2","24"
"X100003","Metro Vancouver NW     ","10/29/2016","1.1","1.48","1.7","24"
"X100003","Metro Vancouver NW     ","10/30/2016","1.3","1.67","2.1","24"
"X100003","Metro Vancouver NW     ","10/31/2016","1.1","1.77","2.6","24"
"X100003","Metro Vancouver NW     ","11/1/2016","1.3","1.9","2.2","22"
"X100003","Metro Vancouver NW     ","11/2/2016","1.8","2.08","2.2","24"
"X100003","Metro Vancouver NW     ","11/3/2016","1.6","2.12","2.4","24"
"X100003","Metro Vancouver NW     ","11/4/2016","1.5","1.95","2.2","24"
"X100003","Metro Vancouver NW     ","11/5/2016","1.8","2.05","2.5","24"
"X100003","Metro Vancouver NW     ","11/6/2016","1.7","1.79","2.1","23"
"X100003","Metro Vancouver NW     ","11/7/2016","1.5","1.88","2.2","24"
"X100003","Metro Vancouver NW     ","11/8/2016","1.4","1.68","2.2","24"
"X100003","Metro Vancouver NW     ","11/9/2016","1.5","1.89","2.3","24"
"X100003","Metro Vancouver NW     ","11/10/2016","1.3","1.71","2.2","24"
"X100003","Metro Vancouver NW     ","11/11/2016","1.1","1.53","2","24"
"X100003","Metro Vancouver NW     ","11/12/2016","1.7","2.03","2.3","24"
"X100003","Metro Vancouver NW     ","11/13/2016","1.4","1.82","2.1","24"
"X100003","Metro Vancouver NW     ","11/14/2016","1.6","2.25","2.9","24"
"X100003","Metro Vancouver NW     ","11/15/2016","1.6","1.99","2.3","24"
"X100003","Metro Vancouver NW     ","11/16/2016","1.7","2.04","2.4","24"
"X100003","Metro Vancouver NW     ","11/17/2016","1.6","1.83","2","24"
"X100003","Metro Vancouver NW     ","11/18/2016","1.5","1.94","2.3","24"
"X100003","Metro Vancouver NW     ","11/19/2016","1.7","1.85","1.9","24"
"X100003","Metro Vancouver NW     ","11/20/2016","1.8","1.91","2","24"
"X100003","Metro Vancouver NW     ","11/21/2016","1.7","2.13","2.7","24"
"X100003","Metro Vancouver NW     ","11/22/2016","1.6","1.89","2.1","24"
"X100003","Metro Vancouver NW     ","11/23/2016","1.7","2.17","2.5","24"
"X100003","Metro Vancouver NW     ","11/24/2016","1.9","2.08","2.3","24"
"X100003","Metro Vancouver NW     ","11/25/2016","1.9","2.09","2.5","24"
"X100003","Metro Vancouver NW     ","11/26/2016","1.8","2.22","2.7","24"
"X100003","Metro Vancouver NW     ","11/27/2016","1.8","1.92","2","24"
"X100003","Metro Vancouver NW     ","11/28/2016","1.5","1.9","2.3","24"
"X100003","Metro Vancouver NW     ","11/29/2016","1.1","1.54","1.9","24"
"X100003","Metro Vancouver NW     ","11/30/2016","1.5","1.86","2.3","23"
"X100003","Metro Vancouver NW     ","12/1/2016","1.8","1.99","2.2","22"
"X100003","Metro Vancouver NW     ","12/2/2016","1.5","1.85","2.4","24"
"X100003","Metro Vancouver NW     ","12/3/2016","1.9","2.25","2.5","24"
"X100003","Metro Vancouver NW     ","12/4/2016","1.8","2.04","2.2","24"
"X100003","Metro Vancouver NW     ","12/5/2016","1.5","2.04","2.7","24"
"X100003","Metro Vancouver NW     ","12/6/2016","1.8","2.19","2.5","24"
"X100003","Metro Vancouver NW     ","12/7/2016","2.1","2.75","3.5","24"
"X100003","Metro Vancouver NW     ","12/8/2016","2.4","2.7","3.2","24"
"X100003","Metro Vancouver NW     ","12/9/2016","2.1","2.41","2.7","24"
"X100003","Metro Vancouver NW     ","12/10/2016","1.8","1.94","2.2","24"
"X100003","Metro Vancouver NW     ","12/11/2016","1.7","2.06","2.4","24"
"X100003","Metro Vancouver NW     ","12/12/2016","1.5","2.63","3.5","24"
"X100003","Metro Vancouver NW     ","12/13/2016","2.6","3.15","3.9","24"
"X100003","Metro Vancouver NW     ","12/14/2016","2.8","3.43","4.2","24"
"X100003","Metro Vancouver NW     ","12/15/2016","2.7","3.33","4","24"
"X100003","Metro Vancouver NW     ","12/16/2016","2.8","3.2","3.6","24"
"X100003","Metro Vancouver NW     ","12/17/2016","2.6","3.04","3.6","24"
"X100003","Metro Vancouver NW     ","12/18/2016","2.1","2.27","2.5","24"
"X100003","Metro Vancouver NW     ","12/19/2016","2","2.24","2.6","24"
"X100003","Metro Vancouver NW     ","12/20/2016","2","2.53","3","24"
"X100003","Metro Vancouver NW     ","12/21/2016","1.8","2.22","2.5","24"
"X100003","Metro Vancouver NW     ","12/22/2016","2","2.35","2.9","24"
"X100003","Metro Vancouver NW     ","12/23/2016","1.7","2.47","3.2","24"
"X100003","Metro Vancouver NW     ","12/24/2016","1.7","2.05","2.4","24"
"X100003","Metro Vancouver NW     ","12/25/2016","1.9","2.26","2.8","24"
"X100003","Metro Vancouver NW     ","12/26/2016","1.9","2.02","2.5","24"
"X100003","Metro Vancouver NW     ","12/27/2016","1.8","2.57","3.3","24"
"X100003","Metro Vancouver NW     ","12/28/2016","2.1","2.45","2.8","24"
"X100003","Metro Vancouver NW     ","12/29/2016","2","2.35","2.7","24"
"X100003","Metro Vancouver NW     ","12/30/2016","1.9","2.25","2.6","24"
"X100003","Metro Vancouver NW     ","12/31/2016","1.8","2.23","2.8","24"
"X100004","Metro Vancouver SW     ","10/1/2016","1.8","2.08","2.4","22"
"X100004","Metro Vancouver SW     ","10/2/2016","1.3","1.66","2.2","24"
"X100004","Metro Vancouver SW     ","10/3/2016","1.5","1.85","2.2","24"
"X100004","Metro Vancouver SW     ","10/4/2016","1.5","1.8","2.1","24"
"X100004","Metro Vancouver SW     ","10/5/2016","1.5","1.75","2","24"
"X100004","Metro Vancouver SW     ","10/6/2016","1.3","1.61","2","24"
"X100004","Metro Vancouver SW     ","10/7/2016","1.5","1.88","2.4","24"
"X100004","Metro Vancouver SW     ","10/8/2016","1.3","1.65","2","24"
"X100004","Metro Vancouver SW     ","10/9/2016","1.4","1.63","2","24"
"X100004","Metro Vancouver SW     ","10/10/2016","1.1","1.42","1.9","24"
"X100004","Metro Vancouver SW     ","10/11/2016","1.5","2.05","2.6","24"
"X100004","Metro Vancouver SW     ","10/12/2016","1.8","2.22","3","24"
"X100004","Metro Vancouver SW     ","10/13/2016","1.7","1.91","2.2","24"
"X100004","Metro Vancouver SW     ","10/14/2016","1.7","2.2","2.4","24"
"X100004","Metro Vancouver SW     ","10/15/2016","1.7","1.83","2.1","24"
"X100004","Metro Vancouver SW     ","10/16/2016","1.8","1.97","2.2","24"
"X100004","Metro Vancouver SW     ","10/17/2016","1.7","2.01","2.4","24"
"X100004","Metro Vancouver SW     ","10/18/2016","1.6","1.83","2.2","24"
"X100004","Metro Vancouver SW     ","10/19/2016","1.7","2","2.3","24"
"X100004","Metro Vancouver SW     ","10/20/2016","1.7","2.14","2.7","24"
"X100004","Metro Vancouver SW     ","10/21/2016","1.7","2.13","2.6","24"
"X100004","Metro Vancouver SW     ","10/22/2016","1.8","1.98","2.3","24"
"X100004","Metro Vancouver SW     ","10/23/2016","1.5","1.7","1.9","24"
"X100004","Metro Vancouver SW     ","10/24/2016","1.7","2.15","2.8","24"
"X100004","Metro Vancouver SW     ","10/25/2016","1.9","2.28","2.6","24"
"X100004","Metro Vancouver SW     ","10/26/2016","1.6","1.97","2.3","24"
"X100004","Metro Vancouver SW     ","10/27/2016","1.9","2.16","2.7","24"
"X100004","Metro Vancouver SW     ","10/28/2016","1.6","1.94","2.2","24"
"X100004","Metro Vancouver SW     ","10/29/2016","1.4","1.7","1.9","24"
"X100004","Metro Vancouver SW     ","10/30/2016","1.5","1.64","1.8","24"
"X100004","Metro Vancouver SW     ","10/31/2016","1.6","1.94","2.7","24"
"X100004","Metro Vancouver SW     ","11/1/2016","2","2.2","2.5","22"
"X100004","Metro Vancouver SW     ","11/2/2016","1.9","2.2","2.4","24"
"X100004","Metro Vancouver SW     ","11/3/2016","1.8","2.27","2.6","24"
"X100004","Metro Vancouver SW     ","11/4/2016","1.4","2.1","2.6","24"
"X100004","Metro Vancouver SW     ","11/5/2016","1.8","2.05","2.3","24"
"X100004","Metro Vancouver SW     ","11/6/2016","1.8","1.94","2.2","23"
"X100004","Metro Vancouver SW     ","11/7/2016","1.6","2","2.5","24"
"X100004","Metro Vancouver SW     ","11/8/2016","1.6","1.87","2.2","24"
"X100004","Metro Vancouver SW     ","11/9/2016","1.5","1.8","2","24"
"X100004","Metro Vancouver SW     ","11/10/2016","1.4","1.92","2.3","24"
"X100004","Metro Vancouver SW     ","11/11/2016","1.3","1.66","2.3","24"
"X100004","Metro Vancouver SW     ","11/12/2016","1.7","1.99","2.5","24"
"X100004","Metro Vancouver SW     ","11/13/2016","1.6","1.95","2.4","24"
"X100004","Metro Vancouver SW     ","11/14/2016","1.6","2.18","2.9","24"
"X100004","Metro Vancouver SW     ","11/15/2016","1.9","2.17","2.9","24"
"X100004","Metro Vancouver SW     ","11/16/2016","2","2.3","2.6","24"
"X100004","Metro Vancouver SW     ","11/17/2016","1.8","2.12","2.4","24"
"X100004","Metro Vancouver SW     ","11/18/2016","1.7","2.18","2.7","24"
"X100004","Metro Vancouver SW     ","11/19/2016","1.8","1.9","2.1","24"
"X100004","Metro Vancouver SW     ","11/20/2016","1.7","1.89","2","24"
"X100004","Metro Vancouver SW     ","11/21/2016","1.7","2.03","2.6","24"
"X100004","Metro Vancouver SW     ","11/22/2016","1.7","2.12","2.5","24"
"X100004","Metro Vancouver SW     ","11/23/2016","2","2.12","2.4","24"
"X100004","Metro Vancouver SW     ","11/24/2016","2","2.03","2.1","24"
"X100004","Metro Vancouver SW     ","11/25/2016","2","2.42","3.1","24"
"X100004","Metro Vancouver SW     ","11/26/2016","1.9","2.06","2.4","24"
"X100004","Metro Vancouver SW     ","11/27/2016","1.6","1.93","2.2","24"
"X100004","Metro Vancouver SW     ","11/28/2016","1.8","2.25","2.9","24"
"X100004","Metro Vancouver SW     ","11/29/2016","1.6","1.95","2.2","24"
"X100004","Metro Vancouver SW     ","11/30/2016","1.5","2.03","2.5","23"
"X100004","Metro Vancouver SW     ","12/1/2016","1.8","2.37","3.1","22"
"X100004","Metro Vancouver SW     ","12/2/2016","1.7","2","2.5","24"
"X100004","Metro Vancouver SW     ","12/3/2016","1.9","2.25","2.9","24"
"X100004","Metro Vancouver SW     ","12/4/2016","2","2.32","2.8","24"
"X100004","Metro Vancouver SW     ","12/5/2016","2","2.4","2.9","24"
"X100004","Metro Vancouver SW     ","12/6/2016","2.3","2.64","3.3","24"
"X100004","Metro Vancouver SW     ","12/7/2016","2.2","2.71","3.7","24"
"X100004","Metro Vancouver SW     ","12/8/2016","2.2","2.65","3.3","24"
"X100004","Metro Vancouver SW     ","12/9/2016","2","2.32","2.6","24"
"X100004","Metro Vancouver SW     ","12/10/2016","1.9","2.06","2.2","24"
"X100004","Metro Vancouver SW     ","12/11/2016","1.9","2.26","2.6","24"
"X100004","Metro Vancouver SW     ","12/12/2016","1.6","2.57","3.5","24"
"X100004","Metro Vancouver SW     ","12/13/2016","2.9","3.37","4.1","24"
"X100004","Metro Vancouver SW     ","12/14/2016","3.3","3.95","4.9","24"
"X100004","Metro Vancouver SW     ","12/15/2016","3.3","3.8","4.4","24"
"X100004","Metro Vancouver SW     ","12/16/2016","2.8","3.6","4.7","24"
"X100004","Metro Vancouver SW     ","12/17/2016","2.9","3.33","4.1","24"
"X100004","Metro Vancouver SW     ","12/18/2016","2.5","2.7","3.2","24"
"X100004","Metro Vancouver SW     ","12/19/2016","2.1","2.69","3.3","24"
"X100004","Metro Vancouver SW     ","12/20/2016","2","2.41","3","24"
"X100004","Metro Vancouver SW     ","12/21/2016","2.3","2.81","3.4","24"
"X100004","Metro Vancouver SW     ","12/22/2016","2.1","2.62","3.1","24"
"X100004","Metro Vancouver SW     ","12/23/2016","2.1","2.34","2.9","24"
"X100004","Metro Vancouver SW     ","12/24/2016","2","2.31","2.8","24"
"X100004","Metro Vancouver SW     ","12/25/2016","1.9","2.25","2.8","24"
"X100004","Metro Vancouver SW     ","12/26/2016","1.9","2.03","2.6","24"
"X100004","Metro Vancouver SW     ","12/27/2016","1.8","2.33","2.7","24"
"X100004","Metro Vancouver SW     ","12/28/2016","2.1","2.56","3","24"
"X100004","Metro Vancouver SW     ","12/29/2016","2","2.63","3.5","24"
"X100004","Metro Vancouver SW     ","12/30/2016","2.3","2.76","3.4","24"
"X100004","Metro Vancouver SW     ","12/31/2016","1.9","2.38","2.8","24"
"X100005","Metro Vancouver SE   ","10/1/2016","1.5","1.9","2.2","22"
"X100005","Metro Vancouver SE   ","10/2/2016","1.2","1.75","2.9","24"
"X100005","Metro Vancouver SE   ","10/3/2016","1.5","1.9","2.5","24"
"X100005","Metro Vancouver SE   ","10/4/2016","1.3","1.6","1.9","24"
"X100005","Metro Vancouver SE   ","10/5/2016","1.1","1.7","2.6","24"
"X100005","Metro Vancouver SE   ","10/6/2016","1.3","1.55","1.8","24"
"X100005","Metro Vancouver SE   ","10/7/2016","1.3","1.81","2.3","24"
"X100005","Metro Vancouver SE   ","10/8/2016","1.1","1.51","1.8","24"
"X100005","Metro Vancouver SE   ","10/9/2016","1.3","1.65","2.1","24"
"X100005","Metro Vancouver SE   ","10/10/2016","1","1.43","1.9","24"
"X100005","Metro Vancouver SE   ","10/11/2016","1.4","1.8","2.5","24"
"X100005","Metro Vancouver SE   ","10/12/2016","1.2","1.74","2.8","24"
"X100005","Metro Vancouver SE   ","10/13/2016","1.4","1.63","1.8","24"
"X100005","Metro Vancouver SE   ","10/14/2016","1.6","2.19","2.5","21"
"X100005","Metro Vancouver SE   ","10/15/2016","1.5","1.69","2.1","24"
"X100005","Metro Vancouver SE   ","10/16/2016","1.5","1.9","2.1","24"
"X100005","Metro Vancouver SE   ","10/17/2016","1.4","1.7","1.9","24"
"X100005","Metro Vancouver SE   ","10/18/2016","1.4","1.75","2.2","24"
"X100005","Metro Vancouver SE   ","10/19/2016","1.4","1.73","2.2","24"
"X100005","Metro Vancouver SE   ","10/20/2016","1.5","1.95","2.5","24"
"X100005","Metro Vancouver SE   ","10/21/2016","1.4","1.86","2.4","24"
"X100005","Metro Vancouver SE   ","10/22/2016","1.5","1.78","2","24"
"X100005","Metro Vancouver SE   ","10/23/2016","1.3","1.57","1.9","24"
"X100005","Metro Vancouver SE   ","10/24/2016","1.6","1.97","2.4","24"
"X100005","Metro Vancouver SE   ","10/25/2016","1.7","2.02","2.3","24"
"X100005","Metro Vancouver SE   ","10/26/2016","1.6","1.69","2","24"
"X100005","Metro Vancouver SE   ","10/27/2016","1.7","2.06","2.2","24"
"X100005","Metro Vancouver SE   ","10/28/2016","1.5","1.75","2.4","24"
"X100005","Metro Vancouver SE   ","10/29/2016","1.2","1.51","1.8","24"
"X100005","Metro Vancouver SE   ","10/30/2016","1.2","1.68","2.6","24"
"X100005","Metro Vancouver SE   ","10/31/2016","1.2","1.64","2.3","24"
"X100005","Metro Vancouver SE   ","11/1/2016","1.7","1.9","2.1","22"
"X100005","Metro Vancouver SE   ","11/2/2016","1.8","1.96","2.1","24"
"X100005","Metro Vancouver SE   ","11/3/2016","1.5","2.07","2.7","24"
"X100005","Metro Vancouver SE   ","11/4/2016","1.3","1.86","2.5","24"
"X100005","Metro Vancouver SE   ","11/5/2016","1.6","1.88","2.2","24"
"X100005","Metro Vancouver SE   ","11/6/2016","1.5","1.79","2.1","23"
"X100005","Metro Vancouver SE   ","11/7/2016","1.3","1.56","1.8","24"
"X100005","Metro Vancouver SE   ","11/8/2016","1.2","1.62","2.1","24"
"X100005","Metro Vancouver SE   ","11/9/2016","1.3","1.59","1.9","24"
"X100005","Metro Vancouver SE   ","11/10/2016","1.3","1.67","2.1","24"
"X100005","Metro Vancouver SE   ","11/11/2016","1","1.48","2.1","24"
"X100005","Metro Vancouver SE   ","11/12/2016","1.5","1.95","2.4","24"
"X100005","Metro Vancouver SE   ","11/13/2016","1.5","1.78","2.1","24"
"X100005","Metro Vancouver SE   ","11/14/2016","1.7","2.1","2.6","24"
"X100005","Metro Vancouver SE   ","11/15/2016","1.5","1.86","2.3","24"
"X100005","Metro Vancouver SE   ","11/16/2016","1.8","1.9","2.1","24"
"X100005","Metro Vancouver SE   ","11/17/2016","1.4","1.68","2.2","24"
"X100005","Metro Vancouver SE   ","11/18/2016","1.4","1.59","1.8","24"
"X100005","Metro Vancouver SE   ","11/19/2016","1.4","1.53","1.6","24"
"X100005","Metro Vancouver SE   ","11/20/2016","1.3","1.51","1.8","24"
"X100005","Metro Vancouver SE   ","11/21/2016","1.5","1.81","2.2","24"
"X100005","Metro Vancouver SE   ","11/22/2016","1.3","1.6","2","24"
"X100005","Metro Vancouver SE   ","11/23/2016","1.6","1.87","2","24"
"X100005","Metro Vancouver SE   ","11/24/2016","1.7","1.87","2","24"
"X100005","Metro Vancouver SE   ","11/25/2016","1.5","1.98","2.3","24"
"X100005","Metro Vancouver SE   ","11/26/2016","1.5","1.81","2","24"
"X100005","Metro Vancouver SE   ","11/27/2016","1.4","1.65","1.8","24"
"X100005","Metro Vancouver SE   ","11/28/2016","1.5","1.83","2.1","24"
"X100005","Metro Vancouver SE   ","11/29/2016","1.2","1.44","1.6","24"
"X100005","Metro Vancouver SE   ","11/30/2016","1.1","1.58","2","23"
"X100005","Metro Vancouver SE   ","12/1/2016","1.6","1.83","2","22"
"X100005","Metro Vancouver SE   ","12/2/2016","1.3","1.71","2.1","24"
"X100005","Metro Vancouver SE   ","12/3/2016","1.7","1.86","2.1","24"
"X100005","Metro Vancouver SE   ","12/4/2016","1.8","2.2","2.8","24"
"X100005","Metro Vancouver SE   ","12/5/2016","1.5","1.8","2.1","24"
"X100005","Metro Vancouver SE   ","12/6/2016","1.7","2.01","2.4","24"
"X100005","Metro Vancouver SE   ","12/7/2016","1.8","1.89","2","24"
"X100005","Metro Vancouver SE   ","12/8/2016","1.8","1.93","2.1","24"
"X100005","Metro Vancouver SE   ","12/9/2016","1.7","1.89","2","24"
"X100005","Metro Vancouver SE   ","12/10/2016","1.5","1.55","1.7","24"
"X100005","Metro Vancouver SE   ","12/11/2016","1.5","1.7","1.9","24"
"X100005","Metro Vancouver SE   ","12/12/2016","1.5","1.95","2.3","24"
"X100005","Metro Vancouver SE   ","12/13/2016","2","2.22","2.7","24"
"X100005","Metro Vancouver SE   ","12/14/2016","2.1","2.68","3.7","24"
"X100005","Metro Vancouver SE   ","12/15/2016","2.3","2.59","3","24"
"X100005","Metro Vancouver SE   ","12/16/2016","2.2","2.52","3.5","24"
"X100005","Metro Vancouver SE   ","12/17/2016","2.2","2.35","2.7","24"
"X100005","Metro Vancouver SE   ","12/18/2016","2.1","2.22","2.4","24"
"X100005","Metro Vancouver SE   ","12/19/2016","1.9","2.32","2.8","24"
"X100005","Metro Vancouver SE   ","12/20/2016","1.8","2.12","2.3","24"
"X100005","Metro Vancouver SE   ","12/21/2016","1.9","2.24","2.5","24"
"X100005","Metro Vancouver SE   ","12/22/2016","1.6","2.16","2.7","24"
"X100005","Metro Vancouver SE   ","12/23/2016","1.5","2.15","2.7","24"
"X100005","Metro Vancouver SE   ","12/24/2016","1.4","1.78","2.4","24"
"X100005","Metro Vancouver SE   ","12/25/2016","1.5","1.89","2.2","24"
"X100005","Metro Vancouver SE   ","12/26/2016","1.7","1.76","1.9","24"
"X100005","Metro Vancouver SE   ","12/27/2016","1.7","2","2.3","24"
"X100005","Metro Vancouver SE   ","12/28/2016","1.9","2.11","2.7","24"
"X100005","Metro Vancouver SE   ","12/29/2016","1.7","2.06","2.4","24"
"X100005","Metro Vancouver SE   ","12/30/2016","2","2.36","2.8","24"
"X100005","Metro Vancouver SE   ","12/31/2016","1.6","1.8","2.3","24"
